Temperature_C,Temperature_K,J_m^-3_s^-1,Rate_per_drop_s^-1,Mean_wait_s
-55.0,218.14999999999998,7.054089905881583e+17,2954.8102701439334,0.0003384312049082219
-54.95,218.2,6.624470270562147e+17,2774.8516181229375,0.00036037963020035466
-54.9,218.24999999999997,6.219973066863153e+17,2605.4162256511545,0.0003838158333991632
-54.85,218.29999999999998,5.839192269361696e+17,2445.915138176669,0.0004088449285879393
-54.8,218.34999999999997,5.480796884320582e+17,2295.7908303465824,0.00043557975177078116
-54.75,218.39999999999998,5.143527149117363e+17,2154.5156140275685,0.0004641414494697667
-54.7,218.45,4.82619091338948e+17,2021.590122443494,0.0004946601137877053
-54.65,218.49999999999997,4.527660193745796e+17,1896.5418670163644,0.0005272754677296936
-54.6,218.54999999999998,4.246867894244224e+17,1778.9238636432015,0.0005621376048955909
-54.55,218.59999999999997,3.982804685156949e+17,1668.3133252762775,0.0005994077880031301
-54.5,218.64999999999998,3.734516032855162e+17,1564.3104178041438,0.0006392593110795244
-54.45,218.7,3.5010993739546976e+17,1466.5370763605204,0.0006818784305690264
-54.4,218.74999999999997,3.281701427144769e+17,1374.6358793057532,0.0007274653710515985
-54.35,218.79999999999998,3.0755156364064314e+17,1288.2689772446645,0.0007762354117529003
-54.3,218.84999999999997,2.881779739594302e+17,1207.117074556449,0.0008284200605541484
-54.25,218.89999999999998,2.6997734566090963e+17,1130.878461018648,0.0008842683227862009
-54.2,218.95,2.5288162916404902e+17,1059.2680912127933,0.0009440480727169501
-54.15,218.99999999999997,2.3682654441924746e+17,992.0167094967529,0.0010080475363235535
-54.1,219.04999999999998,2.2175138238351197e+17,928.8700184258964,0.0010765768946818237
-54.05,219.09999999999997,2.0759881638440538e+17,869.5878885962459,0.0011499700181131492
-54.0,219.14999999999998,1.9431472290981846e+17,813.9436079704294,0.0012285863421097473
-53.95,219.2,1.8184801138108368e+17,761.7231688329675,0.0013128128970162419
-53.9,219.24999999999997,1.7015046248600464e+17,712.7245906012506,0.001403066504491455
-53.85,219.29999999999998,1.5917657466718342e+17,666.7572767973476,0.0014997961549116131
-53.8,219.34999999999997,1.4888341837883296e+17,623.6414045603697,0.0016034855811168293
-53.75,219.39999999999998,1.3923049774222734e+17,583.2073451501757,0.001714656045256941
-53.7,219.45,1.3017961924662325e+17,545.2951139630775,0.0018338693569656872
-53.65,219.49999999999997,1.2169476715792309e+17,509.75384864486887,0.0019617311427042737
-53.6,219.54999999999998,1.1374198531269893e+17,476.44131395079086,0.0020988943878684813
-53.55,219.59999999999997,1.0628926498957218e+17,445.22343206226503,0.002246063275169553
-53.5,219.64999999999998,9.930643856371141e+16,415.9738371278959,0.0024039973448920027
-53.45,219.7,9.276507866375728e+16,388.57345285298555,0.002573516004909229
-53.4,219.74999999999997,8.663840256294994e+16,362.9100920140249,0.002755503420834476
-53.35,219.79999999999998,8.09011815486063e+16,338.8780768264476,0.0029509138194033662
-53.3,219.84999999999997,7.552965502579187e+16,316.3778791429322,0.0031607772411554194
-53.25,219.89999999999998,7.050144912208215e+16,295.31577950582385,0.0033862057817343255
-53.2,219.95,6.579549957124742e+16,275.60354412306845,0.0036284003646682365
-53.15,219.99999999999997,6.139197866373822e+16,257.1581188791218,0.0038886580923779973
-53.1,220.04999999999998,5.727222606185047e+16,239.90133953419115,0.004168380226395019
-53.05,220.09999999999997,5.3418683286776664e+16,223.7596573042366,0.0044690808524091635
-53.0,220.14999999999998,4.981483169372436e+16,208.6638790517553,0.004792396290840391
-52.95,220.2,4.644513375997455e+16,194.54892135377514,0.005140095319169424
-52.9,220.24999999999997,4.329497751891431e+16,181.3535777476753,0.005514090278336506
-52.85,220.29999999999998,4.0350623980978696e+16,169.02029848854244,0.005916449142159029
-52.8,220.34999999999997,3.7599157390023864e+16,157.49498218355382,0.006349408635981442
-52.75,220.39999999999998,3.502843817073479e+16,146.72677869853965,0.0068153884987454776
-52.7,220.45,3.262705842969258e+16,136.66790276128955,0.0073170069913683095
-52.65,220.49999999999997,3.0384299879205e+16,127.27345771330624,0.007857097763876117
-52.6,220.54999999999998,2.8290094059329108e+16,118.50126888820346,0.008438728204196874
-52.55,220.59999999999997,2.6334984739543216e+16,110.31172612019772,0.009065219402970644
-52.5,220.64999999999998,2.4510092387199964e+16,102.6676349099127,0.009740167881313964
-52.45,220.7,2.2807080595450772e+16,95.53407579799797,0.010467469242225675
-52.4,220.74999999999997,2.1218124368488184e+16,88.87827151866274,0.011251343921444501
-52.35,220.79999999999998,1.9735880167004812e+16,82.66946152638776,0.012096365230113468
-52.3,220.84999999999997,1.8353457621507836e+16,76.87878350893416,0.013007489899782154
-52.25,220.89999999999998,1.7064392825674962e+16,71.47916151881445,0.013990091360218098
-52.2,220.95,1.5862623126300814e+16,66.44520037366694,0.015049996002364566
-52.15,220.99999999999997,1.4742463330498326e+16,61.75308599321395,0.016193522702815048
-52.1,221.04999999999998,1.3698583254787804e+16,57.38049135710604,0.017427525912535765
-52.05,221.09999999999997,1.2725986544470044e+16,53.30648778371954,0.018759442641528006
-52.0,221.14999999999998,1.181999069526113e+16,49.51146124497611,0.02019734370294856
-51.95,221.2,1.0976208212608682e+16,45.97703344667119,0.021749989615139066
-51.9,221.24999999999997,1.0190528847350554e+16,42.68598741737516,0.023426891598458233
-51.85,221.29999999999998,9459102849504112.0,39.62219736206987,0.025238378146016077
-51.8,221.34999999999997,8778325184931712.0,36.77056254907164,0.02719566769383699
-51.75,221.39999999999998,8144820662439309.0,34.11694501056758,0.029310947967066046
-51.7,221.45,7555429921570841.0,31.64811084842595,0.031597462634953326
-51.65,221.49999999999997,7007196233902656.0,29.351674947587536,0.0340696059691882
-51.6,221.54999999999998,6497353073086121.0,27.216048909581904,0.036743026268149154
-51.55,221.59999999999997,6023312411209477.0,25.23039202844256,0.03963473888446468
-51.5,221.64999999999998,5582653701241265.0,23.384565140473903,0.04276324977577643
-51.45,221.7,5173113507436050.0,21.6690871881963,0.04614869058927066
-51.4,221.74999999999997,4792575747561078.0,20.07509434708066,0.04981296639063721
-51.35,221.79999999999998,4439062512715258.0,18.59430157169614,0.05377991725820879
-51.3,221.84999999999997,4110725432312869.5,17.218966425438452,0.058075495084458105
-51.25,221.89999999999998,3805837553514962.5,15.941855065171678,0.06272795706095143
-51.2,221.95,3522785706035774.5,14.756210259004165,0.06776807747028442
-51.15,221.99999999999997,3260063324787612.0,13.655721321853706,0.07322937957145234
-51.1,222.04999999999998,3016263704311859.0,12.634495859674232,0.07914838954451041
-51.05,222.09999999999997,2790073660337796.5,11.687033219055476,0.08556491465853967
-51.0,222.14999999999998,2580267575138483.0,10.808199544468012,0.09252234804564026
-50.95,222.2,2385701804620500.5,9.993204350735569,0.10006800270489746
-50.9,222.24999999999997,2205309426275531.8,9.237578523306045,0.10825347762696032
-50.85,222.29999999999998,2038095308262378.8,8.537153663670553,0.11713505922418287
-50.8,222.34999999999997,1883131480968269.0,7.888042701804776,0.12677416157638208
-50.75,222.39999999999998,1739552793415929.5,7.286621701769451,0.13723780936193852
-50.7,222.45,1606552837861586.8,6.729512790706394,0.14859916774079426
-50.65,222.49999999999997,1483380126842424.5,6.213568145292342,0.16093812389546924
-50.6,222.54999999999998,1369334507809943.2,5.735854973390285,0.17434192542161353
-50.55,222.59999999999997,1263763801311832.2,5.293641432098618,0.18890588129682948
-50.5,222.64999999999998,1166060649467026.8,4.884383426674339,0.20473413175117505
-50.45,222.7,1075659562225747.2,4.505712237936028,0.22194049402011498
-50.4,222.74999999999997,992034149606602.8,4.155422928685735,0.24064939168930202
-50.35,222.79999999999998,914694528771544.2,3.8314634824899487,0.26099687614669137
-50.3,222.84999999999997,843184895431112.5,3.5319246308056815,0.2831317495503538
-50.25,222.89999999999998,777081249668077.8,3.2550303269328125,0.307216799710217
-50.2,222.95,715989266836292.6,2.9991288276560524,0.33343015837753887
-50.15,222.99999999999997,659542304724145.8,2.762684345670743,0.36196679565186207
-50.1,223.04999999999998,607399538680424.6,2.5442692380163354,0.3930401645620099
-50.05,223.09999999999997,559244216879307.56,2.34255669774748,0.42688401137166276
-50.0,223.14999999999998,514782028352965.4,2.156313917964972,0.46375436881831805
-49.95,223.2,473739576850850.7,1.9843956991324934,0.5039317513322389
-49.9,223.24999999999997,435862953987756.75,1.825738472293177,0.547723573324263
-49.85,223.29999999999998,400916405526537.1,1.6793547124077275,0.5954668138967962
-49.8,223.34999999999997,368681085003084.94,1.5443277175509411,0.6475309538482165
-49.75,223.39999999999998,338953889241835.7,1.4198067311304527,0.7043212136371534
-49.7,223.45,311546370634018.8,1.3050023856485287,0.7662821240767649
-49.65,223.49999999999997,286283721354149.1,1.1991824477980566,0.8339014649824168
-49.6,223.54999999999998,263003824978924.78,1.1016678458930746,0.9077146108311286
-49.55,223.59999999999997,241556371243565.34,1.0118289617687917,0.988309326758039
-49.5,223.64999999999998,221802029926677.62,0.9290821703586053,1.076331062960795
-49.45,223.7,203611680096694.56,0.8528866111691344,1.1724888008608823
-49.4,223.74999999999997,186865691180337.34,0.7827411768268359,1.2775615102477582
-49.35,223.79999999999998,171453252528756.5,0.7181817047712228,1.3924052831707132
-49.3,223.84999999999997,157271748359433.25,0.6587783590176243,1.5179612176259225
-49.25,223.89999999999998,144226175142599.72,0.6041331897111283,1.6552641321993236
-49.2,223.95,132228598681206.56,0.5538778589484687,1.8054522018599721
-49.15,223.99999999999997,121197648302514.95,0.5076715220527207,1.9697776151724973
-49.1,224.04999999999998,111058045739190.98,0.46519885415504225,2.1496183644225364
-49.05,224.09999999999997,101740166428046.92,0.4261682125671402,2.3464912926664048
-49.0,224.14999999999998,93179631095836.95,0.39030992601985126,2.5620665356820562
-48.95,224.2,85316925634905.9,0.3573747024019828,2.7981835123717804
-48.9,224.24999999999997,78097047396487.95,0.3271321471571473,3.056868634557097
-48.85,224.29999999999998,71469176147476.38,0.29936938499070226,3.34035492651013
-48.8,224.34999999999997,65386368047236.11,0.2738897780028205,3.651103766237315
-48.75,224.39999999999998,59805271105137.76,0.25051173379979563,3.9918289847420145
-48.7,224.45,54685860677618.8,0.2290675975467229,4.365523586530085
-48.65,224.49999999999997,49991193655422.61,0.2094026223094138,4.775489384857835
-48.6,224.54999999999998,45687180078269.12,0.19137401239616564,5.225369879008901
-48.55,224.59999999999997,41742370995430.5,0.17485003475021885,5.719186738673201
-48.5,224.64999999999998,38127761466881.71,0.15970919376290613,6.261380302780408
-48.45,224.7,34816607671440.07,0.1458394651780189,6.856854547425487
-48.4,224.74999999999997,31784257155395.86,0.13313758503893394,7.511027030478028
-48.35,224.79999999999998,29007991318316.65,0.12150838989469345,8.229884379726048
-48.3,224.84999999999997,26466879291840.543,0.11086420472892546,9.020043957786955
-48.25,224.89999999999998,24141642422740.32,0.10112427530783026,9.888822411393518
-48.2,224.95,22014528623664.688,0.09221424186179628,10.844311895972906
-48.15,224.99999999999997,20069195903657.98,0.08406565121918172,11.89546485987162
-48.1,225.04999999999998,18290604436331.457,0.07661550470252772,13.052188377309061
-48.05,225.09999999999997,16664916566394.787,0.06980583927689694,14.325449136616307
-48.0,225.14999999999998,15179404195338.988,0.0635833396079294,15.727390322154314
-47.95,225.2,13822363024694.232,0.0578989788448408,17.271461776205523
-47.9,225.24999999999997,12583033170410.588,0.052707686090718124,18.972564993250597
-47.85,225.29999999999998,11451525694871.135,0.04796803866053588,20.847214685530115
-47.8,225.34999999999997,10418754633844.285,0.04364197735631977,22.91371886831316
-47.75,225.39999999999998,9476374124486.842,0.0396945431095417,25.19237964876895
-47.7,225.45,8616720267495.992,0.036093633453871586,27.705717166935294
-47.65,225.49999999999997,7832757381671.396,0.03280977739681345,30.478719434930454
-47.6,225.54999999999998,7118028332735.168,0.02981592735755308,33.53912115521292
-47.55,225.59999999999997,6466608640256.114,0.027087266930491856,36.91771497530858
-47.5,225.64999999999998,5873064087082.733,0.024601033320054883,40.64869906032748
-47.45,225.7,5332411574915.318,0.02233635337289486,44.77006534170877
-47.4,225.74999999999997,4840082987558.631,0.020274092208638846,49.32403333816827
-47.35,225.79999999999998,4391891840152.2173,0.018396713520510886,54.35753505021855
-47.3,225.84999999999997,3984002508292.8745,0.016688150682581608,59.92275711195238
-47.25,225.89999999999998,3612901845532.728,0.015133687861422168,66.07774715303441
-47.2,225.95,3275373011339.514,0.013719850386920663,72.88709219113022
-47.15,225.99999999999997,2968471344270.3975,0.012434303690068933,80.42267785358041
-47.1,226.04999999999998,2689502126932.323,0.011265760165046282,88.76453833116834
-47.05,226.09999999999997,2436000100312.1235,0.01020389335904609,98.00180821308436
-47.0,226.14999999999998,2205710595310.325,0.00923925893622945,108.23378875969688
-46.95,226.2,1996572158878.2617,0.008363221902258482,119.57114275898272
-46.9,226.24999999999997,1806700561042.528,0.007567889613077019,132.13723390891417
-46.85,226.29999999999998,1634374077388.5593,0.006846050126321993,146.06962869803658
-46.8,226.34999999999997,1478019949280.1228,0.006191115486023457,161.5217810518179
-46.75,226.39999999999998,1336201931256.623,0.005597069561264402,178.66492260891175
-46.7,226.45,1207608841723.478,0.005058420087424745,197.69018442853422
-46.65,226.49999999999997,1091044039244.4054,0.004570154584577544,218.81097925540695
-46.6,226.54999999999998,985415752510.8977,0.004127699851759859,242.26567723271995
-46.55,226.59999999999997,889728197417.3771,0.0037268847582641617,268.320612217095
-46.5,226.64999999999998,803073419643.0488,0.003363906073925114,297.2734606805379
-46.45,226.7,724623805764.3866,0.0030352970997408993,329.4570406585117
-46.4,226.74999999999997,653625210207.3308,0.0027378988781179133,365.2435844114959
-46.35,226.79999999999998,589390649331.6346,0.002468833778713042,405.0495455069809
-46.3,226.84999999999997,531294517631.91156,0.002225481271313262,449.34100901684855
-46.25,226.89999999999998,478767284465.74603,0.002005455711542297,498.639782591334
-46.2,226.95,431290632897.4609,0.0018065859784970075,553.5302564630507
-46.15,226.99999999999997,388393005189.42944,0.0016268968157450321,614.6671321266637
-46.1,227.04999999999998,349645522203.42456,0.0014645917385531276,682.7841327221342
-46.05,227.09999999999997,314658246503.07983,0.0013180373808073626,758.7038232462352
-46.0,227.14999999999998,283076761289.2379,0.0011857491648910154,843.3486858849376
-45.95,227.2,254579039470.12103,0.0010663781868763711,937.7536152808923
-45.9,227.24999999999997,228872579173.65317,0.0009586992177867962,1043.0800207687128
-45.85,227.29999999999998,205691783867.412,0.0008615997294688548,1160.631747895817
-45.8,227.34999999999997,184795566969.45105,0.0007740698608095842,1291.8730603386625
-45.75,227.39999999999998,165965162421.21515,0.0006951932466857685,1438.4489561245782
-45.7,227.45,149002124163.33493,0.000624138638187743,1602.2081294367754
-45.65,227.49999999999997,133726498811.3845,0.0005601522483415064,1785.2289318855558
-45.6,227.54999999999998,119975157083.06221,0.0005025507628072396,1989.8487357058575
-45.55,227.59999999999997,107600270686.16917,0.0004507149598825897,2218.6971567584487
-45.5,227.64999999999998,96467922445.68037,0.0004040838886165592,2474.7336584580185
-45.45,227.7,86456838435.3844,0.00036214955797493777,2761.290129944613
-45.4,227.74999999999997,77457231789.68956,0.00032445209381052074,3082.11911427515
-45.35,227.79999999999998,69369748711.23267,0.0002905753239101048,3441.4484566121305
-45.3,227.84999999999997,62104507964.2863,0.0002601427546338809,3844.0432500508336
-45.25,227.89999999999998,55580225857.54909,0.00023281390565191694,4295.276079836541
-45.2,227.95,49723419377.92369,0.0002082809720387326,4801.206707514486
-45.15,227.99999999999997,44467680742.50199,0.00018626578552376078,5368.672497679056
-45.1,228.04999999999998,39753017194.053535,0.00016651704903315645,6005.391074405135
-45.05,228.09999999999997,35525250378.88563,0.00014880782080966016,6720.076905629163
-45.0,228.14999999999998,31735470118.499874,0.0001329332263766635,7522.573755687845
-44.95,228.2,28339537821.379307,0.00011870837843436711,8424.00522346358
-44.9,228.24999999999997,25297635180.949192,0.00010596648645021959,9436.945901474
-44.85,228.29999999999998,22573854173.42961,9.455713924593836e-05,10575.61605580146
-44.8,228.34999999999997,20135824707.065876,8.434474529825335e-05,11856.103145061112
-44.75,228.39999999999998,17954376584.510307,7.520711677024292e-05,13296.613976772853
-44.7,228.45,16003232725.193132,6.703418448420602e-05,14917.761850830166
-44.65,228.49999999999997,14258730856.103529,5.9726832142731936e-05,16742.893673152703
-44.6,228.54999999999998,12699571119.528526,5.319583911046924e-05,18798.462750504754
-44.55,228.59999999999997,11306587266.605684,4.7360921991920426e-05,21114.45381427743
-44.5,228.64999999999998,10062539307.498182,4.214986608652642e-05,23724.867783616966
-44.45,228.7,8951925674.27017,3.74977385783587e-05,26668.274885705672
-44.4,228.74999999999997,7960813122.210417,3.3346176028449963e-05,29988.446025920028
-44.35,228.79999999999998,7076682750.865538,2.9642739389206377e-05,33735.07376865863
-44.3,228.84999999999997,6288290668.435033,2.6340330356790336e-05,37964.5959809387
-44.25,228.89999999999998,5585541953.513851,2.3396663423302264e-05,42741.13714026568
-44.2,228.95,4959376687.487616,2.0773788490394104e-05,48137.58455576866
-44.15,228.99999999999997,4401666939.983047,1.8437659362933075e-05,54236.8193443465
-44.1,229.04999999999998,3905123689.587727,1.6357743859424364e-05,61133.124995343365
-44.05,229.09999999999997,3463212753.269385,1.4506671657986109e-05,68933.7998113087
-44.0,229.14999999999998,3070078881.276673,1.285991634581329e-05,77761.00350182781
-43.95,229.2,2720477250.462553,1.1395508459081757e-05,87753.8728167097
-43.9,229.24999999999997,2409711658.486203,1.0093776591426579e-05,99070.94643340699
-43.85,229.29999999999998,2133578784.8225667,8.937113915004819e-06,111892.94547550374
-43.8,229.34999999999997,1888317942.4156644,7.909767700713128e-06,126425.96316827889
-43.75,229.39999999999998,1670565796.6251898,6.99764964535477e-06,142905.12538932657
-43.7,229.45,1477315576.2782183,6.188165015292564e-06,161598.79342725026
-43.65,229.49999999999997,1305880345.5227468,5.47005879994875e-06,182813.3913312539
-43.6,229.54999999999998,1153859945.1701014,4.833277236023884e-06,206898.95306370928
-43.55,229.59999999999997,1019111248.6295743,4.26884321584719e-06,234255.49954322723
-43.5,229.64999999999998,899721410.6874322,3.7687442321241098e-06,265340.3729221465
-43.45,229.7,793983817.5562533,3.3258316377385393e-06,300676.67546754365
-43.4,229.74999999999997,700376474.0598042,2.933730114204538e-06,340862.983666493
-43.35,229.79999999999998,617542588.7752072,2.5867563469000184e-06,386584.5351837659
-43.3,229.84999999999997,544273140.6368707,2.2798460002280502e-06,438626.1176851293
-43.25,229.89999999999998,479491231.1132935,2.008488172168332e-06,497886.925029992
-43.2,229.95,422238044.7888652,1.7686665860997562e-06,565397.6887781823
-43.15,229.99999999999997,371660258.1730661,1.5568068489437206e-06,642340.4423474184
-43.1,230.04999999999998,326998751.98340327,1.3697291692854542e-06,730071.3326574402
-43.05,230.09999999999997,287578496.1373687,1.204605987727411e-06,830146.9610711323
-43.0,230.14999999999998,252799489.37368995,1.058924024863514e-06,944354.8134899398
-42.95,230.2,222128646.92327136,9.304503004346538e-07,1074748.4304458352
-42.9,230.24999999999997,195092540.06670308,8.172017208583025e-07,1223688.0741632623
-42.85,230.29999999999998,171270900.85207212,7.174178718541009e-07,1393887.773405465
-42.8,230.34999999999997,150290813.78833455,6.295366886659512e-07,1588469.7715062425
-42.75,230.39999999999998,131821524.05940187,5.521727087600362e-07,1811027.5718725915
-42.7,230.45,115569798.79698808,4.840976411699578e-07,2065698.9725940814
-42.65,230.49999999999997,101275784.27187937,4.24223013140108e-07,2357250.7125390917
-42.6,230.54999999999998,88709307.57790814,3.715846786557248e-07,2691176.6212150673
-42.55,230.59999999999997,77666576.54524428,3.253289950720117e-07,3073811.480524967
-42.5,230.64999999999998,67967236.2810484,2.847004935804578e-07,3512463.176385028
-42.45,230.7,59451744.94414679,2.490308868795009e-07,4015566.1513741147
-42.4,230.74999999999997,51979035.15674812,2.1772927331883402e-07,4592859.677328001
-42.35,230.79999999999998,45424430.880904615,1.9027341113192973e-07,5255595.062132096
-42.3,230.84999999999997,39677792.674412645,1.6620194930212492e-07,6016776.603397002
-42.25,230.89999999999998,34641867.02256058,1.4510751325961447e-07,6891441.921486739
-42.2,230.95,30230817.948003475,1.266305541032776e-07,7896988.267021386
-42.15,230.99999999999997,26368921.356791887,1.1045387949011254e-07,9053552.529040111
-42.1,231.04999999999998,22989404.60888266,9.62977928395588e-08,10384453.999543834
-42.05,231.09999999999997,20033415.627730988,8.391577514985418e-08,11916710.513776833
-42.0,231.14999999999998,17449107.50553476,7.30906506014487e-08,13681640.425570099
-41.95,231.2,15190826.036638776,6.363118330488658e-08,15715565.043141428
-41.9,231.24999999999997,13218388.937271856,5.536905810350115e-08,18060628.702238426
-41.85,231.29999999999998,11496446.700338755,4.815620332822781e-08,20765756.66034345
-41.8,231.34999999999997,9993916.102471251,4.1862417877488565e-08,23887774.54103405
-41.75,231.39999999999998,8683478.339081794,3.6373269010220624e-08,27492717.24020756
-41.7,231.45,7541134.62280975,3.1588230841001e-08,31657360.142563496
-41.65,231.49999999999997,6545812.851144288,2.7419036753238074e-08,36471011.32689879
-41.6,231.54999999999998,5679019.6392867025,2.3788221837833685e-08,42037610.3273748
-41.55,231.59999999999997,4924532.632424823,2.062783405385204e-08,48478187.16154836
-41.5,231.64999999999998,4268128.564818705,1.787829512508159e-08,55933744.96861799
-41.45,231.7,3697343.028096486,1.5487394259825816e-08,64568641.00076489
-41.4,231.74999999999997,3201258.353746105,1.3409399635162293e-08,74574554.20880945
-41.35,231.79999999999998,2770316.4104284383,1.1604274244161638e-08,86175143.654772
-41.3,231.84999999999997,2396153.4701677044,1.0036984185003402e-08,99631520.93973944
-41.25,231.89999999999998,2071454.613082567,8.676888792939841e-09,115248682.31729257
-41.2,231.95,1789825.4220261688,7.497203196060884e-09,133383072.84047088
-41.15,231.99999999999997,1545678.969794035,6.474524928417574e-09,154451486.56558004
-41.1,232.04999999999998,1334136.3256493588,5.588417172729741e-09,178941544.46446523
-41.05,232.09999999999997,1150939.0076243079,4.821042041443271e-09,207424036.42276287
-41.0,232.14999999999998,992371.9849587235,4.156838050099529e-09,240567466.8937503
-40.95,232.2,855195.9934481006,3.5822366005279708e-09,279155207.07164186
-40.9,232.24999999999997,736588.0674367002,3.0854128818413876e-09,324105731.80831337
-40.85,232.29999999999998,634089.3175862426,2.6560671224649402e-09,376496509.27193385
-40.8,232.34999999999997,545559.0950329356,2.2852325934060888e-09,437592218.3524969
-40.75,232.39999999999998,469134.78160570795,1.9651071779145924e-09,508878096.44114083
-40.7,232.45,403196.5337673323,1.688905691248427e-09,592099372.5000756
-40.65,232.49999999999997,346336.38604268024,1.4507304614166973e-09,689307922.178362
-40.6,232.54999999999998,297331.189001733,1.2454579720679503e-09,802917498.9659479
-40.55,232.59999999999997,255118.9183213363,1.068639626120113e-09,935769155.0618224
-40.5,232.64999999999998,218777.94592277615,9.164149169046116e-10,1091208776.2361126
-40.45,232.7,187508.91244210285,7.854354957476295e-10,1273179026.6852324
-40.4,232.74999999999997,160618.88301911677,6.727988038942075e-10,1486328445.0149562
-40.35,232.79999999999998,137507.5062080077,5.759900950887065e-10,1736140965.8372562
-40.3,232.84999999999997,117654.92926157678,4.928318152357285e-10,2029089780.9056537
-40.25,232.89999999999998,100611.25261203958,4.214394294326006e-10,2372820220.799788
-40.2,232.95,85987.33250098665,3.601828961158434e-10,2776367258.922745
-40.15,232.99999999999997,73446.76378590788,3.0765308471967077e-10,3250414345.4670253
-40.1,233.04999999999998,62698.89531871645,2.626325185619668e-10,3807601608.0394673
-40.05,233.09999999999997,53492.74825959324,2.2406989993688845e-10,4462893053.826776
-40.0,233.14999999999998,45611.723531945616,1.9105794075403875e-10,5234014331.2198925
-39.95,233.2,38868.998585565496,1.6281408054507284e-10,6141974924.11084
-39.9,233.24999999999997,33103.5259310882,1.3866372516403458e-10,7211691441.4136305
-39.85,233.29999999999998,28176.55673302085,1.180256848478858e-10,8472732026.836556
-39.8,233.34999999999997,23968.622271542426,1.0039953019326187e-10,9960205969.83942
-39.75,233.39999999999998,20376.914456671562,8.535461967987605e-11,11715827494.17099
-39.7,233.45,17313.013937359083,7.252058319614e-11,13789188612.774784
-39.65,233.49999999999997,14700.920811362992,6.157907309597771e-11,16239283083.092056
-39.6,233.54999999999998,12475.348615676414,5.225661808264083e-11,19136332137.272213
-39.55,233.59999999999997,10580.247255121494,4.4318436066471016e-11,22563973117.19551
-39.5,233.64999999999998,8967.524891522264,3.756308042678661e-11,26621884803.8589
-39.45,233.7,7595.942641013456,3.181781013079644e-11,31428938568.971493
-39.4,233.74999999999997,6430.159277160826,2.693458819538761e-11,37126983072.68883
-39.35,233.79999999999998,5439.90607016198,2.2786625261652534e-11,43885392791.48517
-39.3,233.84999999999997,4599.274457871689,1.9265395798257172e-11,51906538047.37633
-39.25,233.89999999999998,3886.1014874697803,1.627806384551924e-11,61432367478.71976
-39.2,233.95,3281.4399266504015,1.3745263422348176e-11,72752334333.15785
-39.15,233.99999999999997,2769.1016548984317,1.1599185888096337e-11,86212947154.01103
-39.1,234.04999999999998,2335.2644393965243,9.781932809330145e-12,102229285305.06628
-39.05,234.09999999999997,1968.1335032411678,8.244098340088529e-12,121298892704.53093
-39.0,234.14999999999998,1657.650429653933,6.943549882694348e-12,144018552022.26385
-38.95,234.2,1395.2429356150396,5.844379942001688e-12,171104549999.106
-38.9,234.24999999999997,1173.6099100956878,4.916005695649055e-12,203417176852.55267
-38.849999999999994,234.29999999999998,986.5368619619979,4.132395944047121e-12,241990364316.50247
-38.8,234.34999999999997,828.7375747575793,3.471407835482978e-12,288067564340.46875
-38.75,234.39999999999998,695.7183323532167,2.9142181358514773e-12,343145211985.931
-38.7,234.45,583.6615717582192,2.444835874691058e-12,409025411624.5595
-38.65,234.49999999999997,489.3262467200991,2.04968498920604e-12,487879847521.03644
-38.599999999999994,234.54999999999998,409.96255646230435,1.7172471408384884e-12,582327363498.6082
-38.55,234.59999999999997,343.23901531039996,1.4377562252327295e-12,695528200434.7643
-38.5,234.64999999999998,287.180117424102,1.202937262875484e-12,831298548030.3556
-38.45,234.7,240.11309197448293,1.005783367703688e-12,994249887312.3225
-38.4,234.74999999999997,200.62245274983286,8.403653649387205e-13,1189958608150.0635
-38.349999999999994,234.79999999999998,167.5112266082294,7.016693852083048e-13,1425172625570.8445
-38.3,234.84999999999997,139.7679011271428,5.854584151849286e-13,1708063244225.6897
-38.25,234.89999999999998,116.53826647424927,4.881543490901216e-13,2048532399360.8074
-38.2,234.95,97.10144276222836,4.067375723130486e-13,2458587718644.155
-38.15,234.99999999999997,80.84948440930403,3.3866152835572277e-13,2952800705929.6724
-38.099999999999994,235.04999999999998,67.27003944978787,2.8178008232286556e-13,3548866874324.329
-38.05,235.09999999999997,55.93161618339784,2.342858060068889e-13,4268291011921.5513
-38.0,235.14999999999998,46.47107363716283,1.9465757805725476e-13,5137226148503.036
-37.95,235.2,38.58300744436058,1.6161612365413802e-13,6187501453382.347
-37.9,235.24999999999997,32.01075013990736,1.3408631663390855e-13,7457882542409.357
-37.849999999999994,235.29999999999998,26.53874558988906,1.1116523757424534e-13,8995617891178.592
-37.8,235.34999999999997,21.98609223077923,9.209512777781822e-14,10858337722409.428
-37.75,235.39999999999998,18.20107978592108,7.624050472380181e-14,13116387458644.488
-37.7,235.45,15.056569841470958,6.306881226963574e-14,15855697356797.164
-37.65,235.49999999999997,12.446092695185014,5.213407116945444e-14,19181314207164.85
-37.599999999999994,235.54999999999998,10.280551754709457,4.306307448992652e-14,23221751160241.098
-37.55,235.59999999999997,8.485442901039626,3.554374010714901e-14,28134349311170.754
-37.5,235.64999999999998,6.9985100316843925,2.931529026881888e-14,34111891467902.23
-37.45,235.7,5.767769787837313,2.415997759075582e-14,41390766868203.7
-37.4,235.74999999999997,4.749848535782601,1.989611902090514e-14,50261058397835.555
-37.349999999999994,235.79999999999998,3.9085832609870055,1.6372235278214422e-14,61079014747035.9
-37.3,235.84999999999997,3.2138453554482056,1.3462123944599682e-14,74282483515623.03
-37.25,235.89999999999998,2.6405525170838637,1.1060720518784938e-14,90410023316442.47
-37.2,235.95,2.1678392909289057,9.080623987394076e-15,110124590709649.72
-37.15,235.99999999999997,1.7783613001238985,7.449182394530179e-15,134242920502830.6
-37.099999999999994,236.04999999999998,1.4577120557429912,6.106049980495276e-15,163771997149438.28
-37.05,236.09999999999997,1.1939344974647101,5.00114112813674e-15,199954365289540.8
-37.0,236.14999999999998,0.9771121869189111,4.092917957543344e-15,244324467378334.94
-36.95,236.2,0.7990274250530444,3.3469582514178846e-15,298778749205003.1
-36.9,236.24999999999997,0.6528755563124081,2.7347587352258814e-15,365662969504110.06
-36.849999999999994,236.29999999999998,0.5330264091626109,2.2327358015928076e-15,447881025281455.94
-36.8,236.34999999999997,0.4348252500263923,1.8213917481043454e-15,549030707447078.6
-36.75,236.39999999999998,0.35442683498230426,1.4846196546873187e-15,673573192192860.9
-36.7,236.45,0.2886571637945511,1.2091243002440365e-15,827044828888287.9
-36.65,236.49999999999997,0.23489840232370357,9.839401267735024e-16,1016322002517735.0
-36.599999999999994,236.54999999999998,0.19099316625860321,8.000303040051758e-16,1249952651785463.5
-36.55,236.59999999999997,0.15516497195389536,6.49953514646432e-16,1538571570836092.2
-36.5,236.64999999999998,0.12595217645196072,5.275872429935002e-16,1895421114290134.2
-36.45,236.7,0.10215316338322233,4.2789817016758556e-16,2337004618665118.0
-36.4,236.74999999999997,0.08278089700638186,3.4675181052376344e-16,2883907076042414.5
-36.349999999999994,236.79999999999998,0.06702527389971485,2.8075481078425055e-16,3561826766945276.5
-36.3,236.84999999999997,0.05422195984253201,2.2712441427271913e-16,4402873214674545.0
-36.25,236.89999999999998,0.04382661594422198,1.835804995760921e-16,5447201648917569.0
-36.2,236.95,0.03539359962030657,1.482563634016715e-16,6745073041422825.0
-36.15,236.99999999999997,0.02855837810563428,1.19625054473467e-16,8359452828686496.0
-36.099999999999994,237.04999999999998,0.023023019510182027,9.643859860885645e-17,1.0369292113584952e+16
-36.05,237.09999999999997,0.018544232910823345,7.767790117213426e-17,1.2873674300030322e+16
-36.0,237.14999999999998,0.01492351796694744,6.251148588090316e-17,1.599706015475619e+16
-35.95,237.2,0.011999058861604012,5.0261540226142234e-17,1.9895928288323244e+16
-35.9,237.24999999999997,0.009639059372566858,4.037599748316251e-17,2.4767189972632064e+16
-35.849999999999994,237.29999999999998,0.0077362675661186535,3.240560180256447e-17,3.0858862183539616e+16
-35.8,237.34999999999997,0.006203481659726541,2.598508321183456e-17,3.8483617383398e+16
-35.75,237.39999999999998,0.004969864430485579,2.081771944553429e-17,4.803600137932086e+16
-35.7,237.45,0.003977923340661143,1.6662686324752554e-17,6.001433265382257e+16
-35.65,237.49999999999997,0.003181038305419169,1.3324702094790115e-17,7.504858216612546e+16
-35.599999999999994,237.54999999999998,0.0025414395761942797,1.0645557202819076e-17,9.393590029605848e+16
-35.55,237.59999999999997,0.002028555255702618,8.49719238495508e-18,1.1768593138723979e+17
-35.5,237.64999999999998,0.0016176620832451,6.776047088951423e-18,1.4757866745503206e+17
-35.45,237.7,0.0012887848217292511,5.398449237336863e-18,1.852383816233336e+17
-35.4,237.74999999999997,0.0010257992502775094,4.2968578516396556e-18,2.3272820152018896e+17
-35.349999999999994,237.79999999999998,0.000815701760440661,3.4168035441608564e-18,2.9267120192173446e+17
-35.3,237.84999999999997,0.0006480151551994972,2.714399534652787e-18,3.684056039774982e+17
-35.25,237.89999999999998,0.0005143056959775771,2.1543186615767227e-18,4.641838822804936e+17
-35.2,237.95,0.000407790931906856,1.7081506611721527e-18,5.854284535497522e+17
-35.15,237.99999999999997,0.00032302154239505736,1.3530694727194082e-18,7.390603514172803e+17
-35.099999999999994,238.04999999999998,0.0002556234656951648,1.0707530692174565e-18,9.339221420404937e+17
-35.05,238.09999999999997,0.0002020890864822794,8.465087859512019e-19,1.1813226473205752e+18
-35.0,238.14999999999998,0.00015960830885893473,6.685657207508268e-19,1.495739265358922e+18
-34.95,238.2,0.0001259320260558894,5.275028372118141e-19,1.895724400812007e+18
-34.9,238.24999999999997,9.92618792321304e-05,4.1578718743623754e-19,2.4050765156234004e+18
-34.849999999999994,238.29999999999998,7.816132889883274e-05,3.274014088845181e-19,3.0543546022207944e+18
-34.8,238.34999999999997,6.148398797920227e-05,2.575435265984867e-19,3.8828388086764513e+18
-34.75,238.39999999999998,4.831592203744611e-05,2.023852609656772e-19,4.94107127776262e+18
-34.7,238.45,3.792924002556761e-05,1.5887762909408954e-19,6.294152334107315e+18
-34.65,238.49999999999997,2.97448029520506e-05,1.245947392488509e-19,8.026021050557499e+18
-34.599999999999994,238.54999999999998,2.3302288724949356e-05,9.760839876017224e-20,1.0245020025961499e+19
-34.55,238.59999999999997,1.823618597249014e-05,7.63875571742297e-20,1.309113731336028e+19
-34.5,238.64999999999998,1.4256561801337419e-05,5.971774642737401e-20,1.6745441009167254e+19
-34.45,238.7,1.113366963559676e-05,4.6636606312915385e-20,2.1442383549316354e+19
-34.4,238.74999999999997,8.685642857980674e-06,3.6382335725782326e-20,2.748586587560266e+19
-34.349999999999994,238.79999999999998,6.768665630058489e-06,2.8352520290663304e-20,3.5270233113255453e+19
-34.3,238.84999999999997,5.269130291133858e-06,2.2071281351244773e-20,4.530774557606743e+19
-34.25,238.89999999999998,4.097386271438547e-06,1.7163091479028018e-20,5.82645615576846e+19
-34.2,238.95,3.1827627113803667e-06,1.3331925269589457e-20,7.500792119507537e+19
-34.15,238.99999999999997,2.4696093886361702e-06,1.0344675616767698e-20,9.666808675751018e+19
-34.099999999999994,239.04999999999998,1.914150920550108e-06,8.017976626483147e-21,1.2471974496620865e+20
-34.05,239.09999999999997,1.4819898131046341e-06,6.207744412725906e-21,1.610891063668786e+20
-34.0,239.14999999999998,1.1461266279582986e-06,4.800883992636578e-21,2.0829497266206887e+20
-33.95,239.2,8.853918467655172e-07,3.708720695129132e-21,2.696347560800023e+20
-33.9,239.24999999999997,6.832051546851999e-07,2.861803059804937e-21,3.4943005479495185e+20
-33.849999999999994,239.29999999999998,5.265948388933682e-07,2.2057953030476083e-21,4.533512237596857e+20
-33.8,239.34999999999997,4.054236105523822e-07,1.698234448670951e-21,5.8884684666631645e+20
-33.75,239.39999999999998,3.117780640717721e-07,1.3059729008511028e-21,7.657126724056065e+20
-33.7,239.45,2.394877146870902e-07,1.0031637934479615e-21,9.968461845726237e+20
-33.65,239.49999999999997,1.8374653190961037e-07,7.696756730264461e-22,1.2992485472067663e+21
-33.599999999999994,239.54999999999998,1.408154574123263e-07,5.898464086912676e-22,1.6953565966753415e+21
-33.55,239.59999999999997,1.0778883972021333e-07,4.515048360053199e-22,2.2148157013056165e+21
-33.5,239.64999999999998,8.241125885326715e-08,3.4520347384868124e-22,2.8968422271391933e+21
-33.45,239.7,6.293403222302177e-08,2.6361745772350474e-22,3.7933754791340503e+21
-33.4,239.74999999999997,4.800293359233948e-08,2.0107421803260325e-22,4.973288021629181e+21
-33.349999999999994,239.79999999999998,3.6570436191188885e-08,1.5318588490241774e-22,6.528016603076835e+21
-33.3,239.84999999999997,2.7827202494774103e-08,1.1656231323671719e-22,8.579102217791261e+21
-33.25,239.89999999999998,2.1148661508559297e-08,8.858730617139617e-23,1.128829900375601e+22
-33.2,239.95,1.6053399516602552e-08,6.724432264866736e-23,1.4871143921319844e+22
-33.15,239.99999999999997,1.2170789971737744e-08,5.0980885818127506e-23,1.961519467447985e+22
-33.099999999999994,240.04999999999998,9.215840733769212e-09,3.8603223394483906e-23,2.5904572521860756e+22
-33.05,240.09999999999997,6.969672653207458e-09,2.919449654032298e-23,3.4253031170406236e+22
-33.0,240.14999999999998,5.2643868169282e-09,2.2051411932955455e-23,4.53485701070015e+22
-32.95,240.2,3.971347923768586e-09,1.6635143282880626e-23,6.011369923270267e+22
-32.9,240.24999999999997,2.992123584919393e-09,1.2533377964020696e-23,7.978694992448795e+22
-32.849999999999994,240.29999999999998,2.251486025515208e-09,9.431002609891545e-24,1.0603326511130081e+23
-32.8,240.34999999999997,1.692013356424257e-09,7.087488973757673e-24,1.4109369393061872e+23
-32.75,240.39999999999998,1.2699299365001456e-09,5.319470078776814e-24,1.8798865022095304e+23
-32.7,240.45,9.519054046297279e-10,3.98733203479623e-24,2.5079426325003913e+23
-32.65,240.49999999999997,7.125945068931084e-10,2.9849088904584413e-24,3.350186008010495e+23
-32.599999999999994,240.54999999999998,5.327486483896329e-10,2.2315723199876837e-24,4.48114538365272e+23
-32.55,240.59999999999997,3.9776813402735066e-10,1.666167263589927e-24,6.0017983899491475e+23
-32.5,240.64999999999998,2.965936676274031e-10,1.2423686497593367e-24,8.049140649143982e+23
-32.45,240.7,2.2085869364274313e-10,9.25130732572641e-25,1.080928310768749e+24
-32.4,240.74999999999997,1.6424203516237135e-10,6.879754281023232e-25,1.453540285237148e+24
-32.349999999999994,240.79999999999998,1.219741386100479e-10,5.109240770470262e-25,1.9572379633774013e+24
-32.3,240.84999999999997,9.046096706156376e-11,3.7892201274298265e-25,2.639065470916005e+24
-32.25,240.89999999999998,6.699788464582913e-11,2.806400829458576e-25,3.563282869300337e+24
-32.2,240.95,4.955228649792496e-11,2.0756413230727704e-25,4.81778806812154e+24
-32.15,240.99999999999997,3.6598675470268236e-11,1.5330417331801557e-25,6.522979631647671e+24
-32.099999999999994,241.04999999999998,2.6993698162502304e-11,1.1307093845405006e-25,8.844005486046103e+24
-32.05,241.09999999999997,1.9881585551116535e-11,8.327979081213959e-26,1.2007715080069956e+25
-32.0,241.14999999999998,1.462269716710586e-11,6.125141066113074e-26,1.6326154601278195e+25
-31.95,241.2,1.073959732009438e-11,4.498592005776152e-26,2.222917745632431e+25
-31.9,241.24999999999997,7.876417419046893e-12,3.2992660133712534e-26,3.0309771808250793e+25
-31.849999999999998,241.29999999999998,5.768272998914806e-12,2.416208543638816e-26,4.1387156031407686e+25
-31.799999999999997,241.34999999999997,4.218279543199933e-12,1.7669488031606693e-26,5.6594735411191745e+25
-31.75,241.39999999999998,3.080303127607963e-12,1.2902743568697121e-26,7.750289654876686e+25
-31.7,241.45,2.246033124490188e-12,9.408161551490273e-27,1.06290691813386e+26
-31.65,241.49999999999997,1.635307681733671e-12,6.849960799057942e-27,1.4598623690481958e+26
-31.599999999999998,241.54999999999998,1.1888837873747084e-12,4.979984763184526e-27,2.008038272310968e+26
-31.549999999999997,241.59999999999997,8.630419323929058e-13,3.615101592727323e-27,2.7661739908271155e+26
-31.5,241.64999999999998,6.255656291459781e-13,2.6203631798177093e-27,3.816264889165352e+26
-31.45,241.7,4.5274977437448665e-13,1.8964738201190986e-27,5.272943867673322e+26
-31.4,241.74999999999997,3.271778150596063e-13,1.3704792269450923e-27,7.296717676115967e+26
-31.349999999999998,241.79999999999998,2.3607256661140454e-13,9.888584546406342e-28,1.0112670780201952e+27
-31.299999999999997,241.84999999999997,1.7007444339866002e-13,7.124061625928046e-28,1.4036936406620862e+27
-31.25,241.89999999999998,1.2233767367748843e-13,5.124468491766175e-28,1.9514218920591794e+27
-31.2,241.95,8.786273684182598e-14,3.6803857144876506e-28,2.7171065143078647e+27
-31.15,241.99999999999997,6.300402253404457e-14,2.63910632452747e-28,3.7891614699496777e+27
-31.099999999999998,242.04999999999998,4.5107268543840547e-14,1.889448846411086e-28,5.292548681058237e+27
-31.049999999999997,242.09999999999997,3.224297479036638e-14,1.3505905697506123e-28,7.40416838675729e+27
-31.0,242.14999999999998,2.3010687230093605e-14,9.63869412748194e-29,1.037484940152619e+28
-30.95,242.2,1.6395532971538562e-14,6.867744791343305e-29,1.4560820624267895e+28
-30.9,242.24999999999997,1.166322003784842e-14,4.8854781850807825e-29,2.0468825406974257e+28
-30.849999999999998,242.29999999999998,8.283308961958042e-15,3.4697043443069176e-29,2.8820899441786664e+28
-30.799999999999997,242.34999999999997,5.87323201454253e-15,2.4601736732953594e-29,4.064753683265449e+28
-30.75,242.39999999999998,4.1575144462779554e-15,1.7414955788827017e-29,5.742190862417084e+28
-30.7,242.45,2.9381168182060556e-15,1.2307154948619684e-29,8.125354756439104e+28
-30.65,242.49999999999997,2.0729000712046918e-15,8.682943513763226e-30,1.1516831802658999e+29
-30.599999999999998,242.54999999999998,1.460013876040739e-15,6.11569182281166e-30,1.6351379843405106e+29
-30.549999999999997,242.59999999999997,1.0265974141585434e-15,4.300201192686345e-30,2.3254725888192634e+29
-30.5,242.64999999999998,7.206147243705052e-16,3.0185038988680175e-30,3.312899481014467e+29
-30.45,242.7,5.049647462851082e-16,2.1151913830015065e-30,4.7277045852038996e+29
-30.4,242.74999999999997,3.5323935827446934e-16,1.4796455638851279e-30,6.758375278565259e+29
-30.349999999999998,242.79999999999998,2.466733969168674e-16,1.0332631087867599e-30,9.67807706958766e+29
-30.299999999999997,242.84999999999997,1.7195539264193228e-16,7.202850643587238e-31,1.388339213850434e+30
-30.25,242.89999999999998,1.1965877769753607e-16,5.012255159361514e-31,1.995109921992449e+30
-30.2,242.95,8.311962551318973e-17,3.481706731751622e-31,2.8721545984342776e+30
-30.15,242.99999999999997,5.7635197098062e-17,2.4142174905529515e-31,4.142128884050792e+30
-30.099999999999998,243.04999999999998,3.989257501709112e-17,1.6710162747529759e-31,5.984382169753725e+30
-30.049999999999997,243.09999999999997,2.7562035801643618e-17,1.1545158558989662e-31,8.661639378017445e+30
-30.0,243.14999999999998,1.9008167826739438e-17,7.962122720358199e-32,1.255946479502406e+31
